location_name,positive,negative,avg_rating,english_address,intro,OWI,topic,good_to_know
1. Gyeongbokgung Palace,"Culture(6850), History & Heritage(6747), Architecture(6680), Activities(3580), Nature(3138), Facilities(2688), Scenery(2366), Atmosphere(2109), Price(1977), Service(1603), Accessibility(1260), Crowds(431), Food & Drink(394), Transportation(301), Shopping(293), Cleanliness(233), Safety(183)","Crowds(1131), Facilities(821), Nature(787), Architecture(698), History & Heritage(636), Activities(505), Accessibility(481), Culture(335), Atmosphere(236), Service(217), Price(153), Scenery(90), Food & Drink(56), Transportation(35), Safety(31), Cleanliness(30), Shopping(22)",4.4,"161, Sajik-ro, Jongno-gu, Seoul","Gyeongbokgung  is a former royal palace in Seoul, South Korea. Established in 1395, it was the first royal palace of the Joseon dynasty, and is now one of the most significant tourist attractions in the country.",0.308,"{""positive"": {""topic"": ""History/Culture"", ""phrase"": ""Rich history & culture!"", ""share"": 47.5}, ""neutral"": {""topic"": ""Performance"", ""phrase"": ""Check performance times."", ""share"": 7.2}, ""negative"": {""topic"": ""Weather"", ""phrase"": ""Weather can make or break the visit."", ""share"": 7.4}}","Gyeongbokgung Palace is a popular destination, so visiting early in the day can help you enjoy the beauty with fewer crowds. While some facilities might feel a bit dated, the rich history and stunning architecture make it worth the visit. Comfortable shoes are a must as the palace grounds are extensive and exploring might take some walking."
10. Everland,"Activities(3735), Nature(1060), Facilities(586), Food & Drink(497), Culture(496), Price(487), Accessibility(356), Atmosphere(352), Transportation(334), Crowds(272), Scenery(220), Service(202), Shopping(159), Architecture(110), Cleanliness(62), Safety(26), History & Heritage(15)","Crowds(640), Activities(494), Facilities(313), Nature(228), Transportation(201), Price(146), Accessibility(135), Food & Drink(119), Service(52), Culture(41), Atmosphere(33), Shopping(23), Safety(13), Architecture(5), Scenery(2), Cleanliness(1)",4.4,"199, Everland-ro, Pogok-eup, Cheoin-gu, Yongin-si, Gyeonggi-do","Everland is South Korea's largest theme park. Along with its main attractions, Everland includes a zoo and water park known as Caribbean Bay.",0.295,"{""positive"": {""topic"": ""Nature"", ""phrase"": ""Beautiful natural scenery!"", ""share"": 78.9}, ""neutral"": {""topic"": ""Transport"", ""phrase"": ""Plan your route in advance."", ""share"": 25.5}, ""negative"": {""topic"": ""Transport"", ""phrase"": ""Be cautious about transportation."", ""share"": 62.6}}","Everland is a fun spot but can get quite busy, especially on weekends and holidays, so planning your visit on a weekday might give you a more relaxed experience. Some facilities might have queues, so be ready with a little patience to fully enjoy the activities. Public transportation is available, but checking schedules ahead of time can make your trip smoother."
11. Haeundae Beach,"Nature(3549), Activities(1564), Food & Drink(1556), Scenery(1252), Facilities(1123), Atmosphere(991), Cleanliness(725), Culture(571), Accessibility(481), Crowds(431), Shopping(385), Transportation(151), Safety(136), Architecture(131), Service(81), Price(80), History & Heritage(29)","Crowds(807), Nature(752), Activities(201), Facilities(174), Atmosphere(148), Cleanliness(111), Price(69), Food & Drink(66), Scenery(59), Accessibility(58), Transportation(51), Safety(41), Architecture(38), Shopping(37), Culture(19), Service(18)",4.3,"59, Yangun-ro 37beon-gil, Haeundae-gu, Busan","Haeundae Beach is one of Busan's most popular tourist attractions and one of South Korea's most popular beaches. It is open around the year, and hosts a variety of events, including the Haeundae Sand Festival and Busan International Film Festival.",0.324,"{""positive"": {""topic"": ""Food"", ""phrase"": ""Highly recommended for food!"", ""share"": 22.5}, ""neutral"": {""topic"": ""Weather"", ""phrase"": ""Check the weather before visiting."", ""share"": 24.5}, ""negative"": {""topic"": ""Facilities"", ""phrase"": ""Facilities need improvement."", ""share"": 8.0}}","Haeundae Beach is vibrant and lively, which means it can get crowded, especially during peak seasons. While nature lovers might find some areas less pristine, the beach's atmosphere and nearby activities offer plenty of enjoyment. Bringing your own snacks or planning meals in advance is helpful as food options might vary."
12. Busan Gamcheon Culture Village,"Scenery(1779), Culture(1670), Activities(1196), Food & Drink(881), Facilities(838), Atmosphere(831), Shopping(814), Architecture(767), Transportation(460), Accessibility(435), Nature(214), History & Heritage(197), Service(155), Price(148), Crowds(146), Cleanliness(32), Safety(13)","Accessibility(531), Crowds(331), Nature(210), Facilities(201), Activities(198), Transportation(185), Culture(102), Atmosphere(94), Food & Drink(76), Shopping(73), Scenery(55), Architecture(44), Price(35), Service(22), Cleanliness(16), History & Heritage(14), Safety(9)",4.3,"30, Gamnae 1-ro 225beon-gil, Saha-gu, Busan","Gamcheon Culture Village is known for its layered streets, twisted labyrinth-like alleys, and brightly painted houses, which have been restored and enhanced in recent years to attract tourism.[1] Built on a steep mountain-side slope, the village has been nicknamed ""Korea's Santorini"" and the ""Machu Picchu of Busan"".",0.235,"{""positive"": {""topic"": ""Shopping"", ""phrase"": ""Great for shopping!"", ""share"": 11.5}, ""neutral"": {""topic"": ""Transport"", ""phrase"": ""Plan your route in advance."", ""share"": 22.9}, ""negative"": {""topic"": ""Hiking/Stairs"", ""phrase"": ""Steep stairs — physically demanding."", ""share"": 22.8}}","Busan Gamcheon Culture Village is charming but has some hilly terrain, so comfortable footwear is recommended for exploring its colorful streets. Accessibility might be a bit challenging for those with mobility concerns, but the unique culture and art make the journey worthwhile. Visiting during less busy times can enhance your experience."
13. Starfield COEX Mall,"Shopping(1194), Food & Drink(654), Activities(492), Facilities(351), Culture(226), Accessibility(198), Atmosphere(90), Transportation(75), Price(67), Architecture(56), History & Heritage(48), Crowds(47), Service(44), Cleanliness(34), Scenery(24), Nature(21), Safety(5)","Shopping(228), Facilities(134), Accessibility(111), Crowds(76), Price(71), Food & Drink(49), Atmosphere(47), Activities(37), Architecture(37), Nature(17), Culture(15), Service(14), Transportation(10), Cleanliness(5), History & Heritage(2), Safety(2), Scenery(2)",4.0,"513, Yeongdong-daero, Gangnam-gu, Seoul","Starfield COEX Mall is adjacent to the COEX Convention & Exhibition Center, which is part of the COEX complex, run by the Korea International Trade Association (KITA). Millennium Square is the main exit of COEX Mall connecting with Line 2's Samseong Station.",0.413,"{""positive"": {""topic"": ""Shopping"", ""phrase"": ""Great for shopping!"", ""share"": 19.5}, ""neutral"": {""topic"": ""Transport"", ""phrase"": ""Plan your route in advance."", ""share"": 22.2}, ""negative"": {""topic"": ""Food"", ""phrase"": ""Food options may disappoint."", ""share"": 93.0}}","Starfield COEX Mall is a bustling shopping and entertainment hub, so it can feel crowded during peak hours. Some areas might have limited seating or rest spots, so wear comfortable shoes for a full day of exploring. Planning your visit outside of weekends can help you enjoy the mall at a gentler pace."
14. Seongsan Ilchulbong,"Scenery(2493), Activities(1013), Nature(991), Facilities(456), Food & Drink(361), Accessibility(332), Price(146), History & Heritage(138), Culture(133), Shopping(112), Atmosphere(100), Transportation(78), Crowds(69), Service(35), Architecture(34), Safety(19), Cleanliness(16)","Nature(452), Crowds(408), Accessibility(381), Activities(353), Scenery(172), Facilities(136), Price(51), Transportation(51), Atmosphere(40), Culture(28), Service(17), Safety(15), Food & Drink(14), Architecture(11), Cleanliness(10), History & Heritage(5), Shopping(5)",4.5,"78, Seongsan-ri, Seongsan-eup, Seogwipo-si, Jeju-do"," It is 182 meters high and has a volcanic crater at the top. Considered one of South Korea's most beautiful tourist sites, it is famed for being the easternmost mountain on Jeju, and thus the best spot on the island to see the first sunrise of the year.",0.186,"{""positive"": {""topic"": ""Scenery"", ""phrase"": ""Stunning views!"", ""share"": 25.1}, ""neutral"": {""topic"": ""Hiking/Stairs"", ""phrase"": ""Wear comfortable shoes."", ""share"": 62.7}, ""negative"": {""topic"": ""Scenery"", ""phrase"": ""Views depend heavily on weather."", ""share"": 15.3}}","Seongsan Ilchulbong is a stunning natural site that attracts many visitors, so early morning visits are best to avoid crowds. The hike to the peak can be a bit challenging for some, so wear suitable shoes and bring water. Accessibility might be limited in some areas, but the breathtaking views are worth the effort."
15. Lotte World Tower & Mall,"Shopping(527), Scenery(459), Activities(327), Facilities(326), Food & Drink(303), Architecture(279), Accessibility(157), Price(71), Crowds(44), Atmosphere(42), Service(42), Nature(35), Culture(34), Transportation(24), Cleanliness(19), History & Heritage(15), Safety(5)","Price(119), Facilities(93), Crowds(69), Scenery(36), Shopping(26), Food & Drink(21), Nature(21), Accessibility(20), Activities(18), Architecture(16), Service(12), Safety(9), Transportation(9), Atmosphere(8), Cleanliness(4), Culture(1)",4.4,"240, Olympic-ro, Songpa-gu, Seoul","Lotte World Tower & Mall is a major shopping and entertainment complex located in Songpa District, Seoul. Opened in 2014, it includes Lotte World Tower, Lotte World Mall, and Avenue L. The complex offers a wide range of shopping, dining, cultural, and leisure facilities, and is connected through an underground plaza, making it one of Seoul’s prominent urban attractions.",0.33,"{""positive"": {""topic"": ""Food"", ""phrase"": ""Highly recommended for food!"", ""share"": 24.5}, ""neutral"": {""topic"": ""Scenery"", ""phrase"": ""Views vary by time and weather."", ""share"": 13.3}, ""negative"": {""topic"": ""Facilities"", ""phrase"": ""Facilities need improvement."", ""share"": 27.8}}","Lotte World Tower & Mall offers amazing views and shopping, though prices can be on the higher side. Visiting during weekdays can help you avoid larger crowds and enjoy a more relaxed atmosphere. Some facilities might feel busy, so planning your itinerary can help you make the most of your visit."
16. Dongdaemun Design Plaza (DDP),"Architecture(2119), Shopping(866), Facilities(542), Culture(488), Atmosphere(487), History & Heritage(464), Activities(392), Food & Drink(363), Scenery(268), Accessibility(208), Nature(144), Transportation(76), Price(62), Crowds(45), Service(24), Cleanliness(18), Safety(2)","Facilities(101), Architecture(93), Shopping(69), Price(64), Accessibility(56), History & Heritage(51), Activities(46), Crowds(39), Culture(31), Atmosphere(28), Nature(25), Food & Drink(20), Service(10), Cleanliness(3), Scenery(3), Transportation(3)",4.2,"281, Eulji-ro, Jung-gu, Seoul","Dongdaemun Design Plaza is a major urban development landmark in Seoul. The landmark is the centerpiece of South Korea's fashion hub and popular tourist destination, Dongdaemun, featuring a walkable park on its roofs, large global exhibition spaces, futuristic retail stores, and restored parts of the Seoul fortress.",0.316,"{""positive"": {""topic"": ""Shopping"", ""phrase"": ""Great for shopping!"", ""share"": 40.3}, ""neutral"": {""topic"": ""Exhibits"", ""phrase"": ""Exhibits vary by season/event."", ""share"": 13.2}, ""negative"": {""topic"": ""History/Culture"", ""phrase"": ""Exhibits may feel lacking."", ""share"": 21.0}}","Dongdaemun Design Plaza is an architectural marvel but can be busy, especially during events. Some facilities might be crowded, so visiting during off-peak hours can make your experience more comfortable. Exploring nearby shops and cultural spots can add extra charm to your visit."
17. Starfield Library,"Facilities(225), Culture(178), Atmosphere(155), Shopping(124), Architecture(103), Activities(96), Food & Drink(64), Scenery(57), Accessibility(34), Crowds(15), History & Heritage(9), Nature(6), Price(5), Cleanliness(4), Service(4), Transportation(3), Safety(2)","Crowds(53), Atmosphere(30), Facilities(25), Accessibility(16), Shopping(9), Activities(6), Nature(6), Architecture(3), Culture(3), Transportation(3), Price(2), Scenery(2), Food & Drink(1), Safety(1), Service(1)",4.4,"46, Teheran-ro 87-gil, Gangnam-gu, Seoul","Located in the middle of COEX Central Plaza, Starfield Library offers visitors a perfect reading space. The two-story library has 13-meter-tall bookshelfs and soft lights to ease the eyes as well as various types of tables with electric plugs for those with laptops. With more than 50,000 books ranging from literature to hobbies as well as over 400 types of magazines, visitors are welcome to find pleasure in reading and relax",0.383,"{""positive"": {""topic"": ""Shopping"", ""phrase"": ""Great for shopping!"", ""share"": 11.4}, ""neutral"": {""topic"": ""Scenery"", ""phrase"": ""Views vary by time and weather."", ""share"": 18.4}, ""negative"": {""topic"": ""Crowds"", ""phrase"": ""Very crowded — expect waiting."", ""share"": 27.5}}","Starfield Library is a cozy spot that tends to attract many visitors, so finding a quiet corner might take some patience. The atmosphere is wonderful for reading and relaxing, but it can get lively during peak times. Arriving early can help you enjoy the space more peacefully."
18. Seoraksan National Park,"Nature(1214), Scenery(918), Activities(828), Transportation(483), History & Heritage(318), Facilities(283), Food & Drink(223), Accessibility(134), Atmosphere(126), Crowds(71), Service(56), Culture(49), Price(47), Cleanliness(38), Shopping(34), Safety(30), Architecture(20)","Crowds(228), Nature(206), Transportation(129), Activities(98), Accessibility(78), Facilities(71), Price(52), Scenery(32), Safety(26), Food & Drink(18), Atmosphere(17), History & Heritage(6), Cleanliness(5), Service(5), Shopping(5), Architecture(2), Culture(2)",4.7,"1103, Seoraksan-ro, Sokcho-si, Gangwon-do","Seoraksan National Park is a national park in South Korea. It is listed by the South Korean government with UNESCO as a tentative World Heritage Site. Located on the east-central Korean peninsula, the park includes the Dinosaur Ridge, Injegun, Yanyanggun, and Sokchosi. It is popular with tourists and nature enthusiasts. It is home to many rare taxa of flora and fauna.",0.176,"{""positive"": {""topic"": ""Transport"", ""phrase"": ""Easy to get to!"", ""share"": 12.1}, ""neutral"": {""topic"": ""Hiking/Stairs"", ""phrase"": ""Wear comfortable shoes."", ""share"": 28.5}, ""negative"": {""topic"": ""Scenery"", ""phrase"": ""Views depend heavily on weather."", ""share"": 27.1}}","Seoraksan National Park offers breathtaking nature but can be popular with tourists, so starting hikes early can give you a more peaceful experience. Transportation options may require some planning, especially for reaching trailheads. Wearing proper hiking gear will make your adventure safer and more enjoyable."
19. Haedong Yonggungsa,"Scenery(1660), History & Heritage(1199), Atmosphere(563), Nature(464), Accessibility(443), Activities(419), Architecture(380), Culture(338), Transportation(311), Food & Drink(301), Shopping(237), Facilities(190), Price(188), Crowds(112), Service(54), Cleanliness(17), Safety(3)","Crowds(640), Accessibility(485), Transportation(273), Facilities(197), Nature(160), Atmosphere(125), Architecture(101), Activities(95), History & Heritage(57), Shopping(55), Scenery(42), Price(39), Culture(35), Cleanliness(27), Service(24), Food & Drink(23), Safety(21)",4.3,"86, Yonggung-gil, Gijang-eup, Gijang-gun, Busan","Haedong Yonggung Temple is a Buddhist temple in Gijang-gun, Busan, South Korea. As such, combined with its proximity to Haeundae Beach and the east side of Busan, the temple is popular with sightseers, particularly during Buddha's Birthday celebrations when the complex is decorated with paper lanterns. It honors Haesu Gwaneum Daebul, the Sea Goddess Buddha of Mercy, who is an aspect of Gwaneum.",0.175,"{""positive"": {""topic"": ""History/Culture"", ""phrase"": ""Rich history & culture!"", ""share"": 14.5}, ""neutral"": {""topic"": ""Scenery"", ""phrase"": ""Views vary by time and weather."", ""share"": 17.8}, ""negative"": {""topic"": ""Guided Tour"", ""phrase"": ""Tour operation can be inconvenient."", ""share"": 16.9}}","Haedong Yonggungsa can get quite busy, especially during peak hours, so visiting early in the day might help you enjoy a more peaceful experience. The temple is a bit challenging to access by public transportation, so planning your route ahead can save time. Some facilities are basic, so bringing essentials with you could make your visit more comfortable."
2. Myeongdong Shopping Street,"Shopping(18914), Food & Drink(11378), Price(2441), Atmosphere(2417), Facilities(1316), Activities(1216), Accessibility(1174), Service(1021), Culture(927), Crowds(540), Safety(329), Transportation(301), Cleanliness(186), Architecture(177), Scenery(141), History & Heritage(110), Nature(99)","Crowds(2446), Shopping(1714), Price(1252), Food & Drink(585), Service(534), Atmosphere(328), Facilities(327), Accessibility(219), Nature(132), Culture(122), Safety(92), Activities(91), Cleanliness(81), Transportation(67), Architecture(10), History & Heritage(7), Scenery(5)",4.3,"8, Myeongdong 3-gil, Jung-gu, Seoul","Myeong-dong is a dong (neighborhood) in Jung District, Seoul, South Korea. It is between Chungmu-ro, Eulji-ro, and Namdaemun-ro. Myeongdong is known for being one of Seoul's main shopping, parade route, and tourism districts. In 2023, it was listed as the ninth most expensive shopping street in the world.",0.407,"{""positive"": {""topic"": ""Food"", ""phrase"": ""Highly recommended for food!"", ""share"": 54.3}, ""neutral"": {""topic"": ""Food"", ""phrase"": ""Plenty of food options around."", ""share"": 19.5}, ""negative"": {""topic"": ""Weather"", ""phrase"": ""Weather can make or break the visit."", ""share"": 1.9}}","Myeongdong Shopping Street is always bustling with crowds, which adds to its lively vibe but can be overwhelming at times. Prices may be a bit higher than other areas, so keep an eye out for deals. The area can get busy during meal times, so trying food at off-peak hours might give you a better dining experience."
20. Spirited Garden,"Nature(1014), Atmosphere(262), Service(195), Food & Drink(166), Scenery(107), Facilities(106), History & Heritage(86), Activities(80), Culture(79), Architecture(35), Crowds(31), Shopping(29), Accessibility(20), Price(17), Transportation(6), Cleanliness(2), Safety(2)","Nature(21), Price(17), Accessibility(7), Crowds(7), Food & Drink(7), Activities(5), Facilities(5), Transportation(5), Atmosphere(4), Scenery(3), Service(3), History & Heritage(2), Shopping(1)",4.8,"1525-6, Jeoji-ri, Hangyeong-myeon, Jeju-si, Jeju-do","Spirited Garden is home to hundreds of bonsai trees set within a natural landscape inspired by oreum (volcanic cones) and water. More than just a tourist attraction, it offers experiential content centered on K-Wellness and self-reflection, drawing inspiration from traditional Korean garden aesthetics.",0.128,"{""positive"": {""topic"": ""Nature"", ""phrase"": ""Beautiful natural scenery!"", ""share"": 29.1}, ""neutral"": {""topic"": ""Nature"", ""phrase"": ""Nice for a casual stroll."", ""share"": 33.3}, ""negative"": {""topic"": ""Tickets/Price"", ""phrase"": ""Check tickets & reservations in advance."", ""share"": 11.5}}","Spirited Garden is a serene spot but can be a little pricey, so looking for package deals or discounts could be helpful. The garden is best enjoyed with comfortable footwear as some paths might be less accessible. Visiting during weekdays might help you avoid small crowds and enjoy the peaceful atmosphere."
21. Namsan Park,"Scenery(2219), Nature(1576), Activities(1269), Transportation(782), Facilities(622), Atmosphere(573), Accessibility(504), Architecture(491), Culture(414), Food & Drink(367), History & Heritage(188), Shopping(149), Crowds(138), Price(126), Cleanliness(70), Safety(37), Service(19)","Crowds(367), Accessibility(225), Nature(211), Transportation(201), Activities(170), Facilities(148), Price(107), Scenery(98), Atmosphere(73), Architecture(55), Food & Drink(46), Safety(17), Service(16), Culture(15), Shopping(9), Cleanliness(8), History & Heritage(5)",4.3,"125-54, Namsangongwon-gil, Jung-gu, Seoul","Namsan Park is a 270-metre-high (890 ft) peak in Jung District, Seoul, South Korea. It was also known as Mongmyeoksan in the past. It offers some hiking, picnic areas and views of downtown Seoul's skyline. Namsan Seoul Tower is located at the summit of Namsan.",0.204,"{""positive"": {""topic"": ""Transport"", ""phrase"": ""Easy to get to!"", ""share"": 25.1}, ""neutral"": {""topic"": ""Facilities"", ""phrase"": ""Standard facilities on site."", ""share"": 16.3}, ""negative"": {""topic"": ""Scenery"", ""phrase"": ""Views depend heavily on weather."", ""share"": 19.4}}","Namsan Park is a popular spot, so it can get crowded, especially on weekends and holidays. Some areas might require a bit of walking or hiking, so wear comfortable shoes. Public transportation is available, but planning your route in advance can make your visit smoother."
22. Bongeunsa Temple,"Atmosphere(1117), History & Heritage(1053), Culture(537), Architecture(446), Nature(362), Facilities(262), Scenery(251), Activities(243), Accessibility(231), Price(152), Service(109), Crowds(79), Shopping(75), Food & Drink(69), Transportation(29), Cleanliness(24), Safety(5)","Crowds(73), Atmosphere(63), Architecture(42), History & Heritage(32), Facilities(31), Accessibility(29), Nature(28), Activities(22), Transportation(16), Shopping(15), Culture(10), Food & Drink(6), Price(6), Service(6), Scenery(4), Cleanliness(3)",4.4,"531, Bongeunsa-ro, Gangnam-gu, Seoul","Bongeunsa is a Korean Buddhist temple located in Samseong-dong, Gangnam District, Seoul, South Korea. It was founded in 794 during the reign of King Wonseong by State Preceptor Yeonhoe, then the highest ranking monk of Silla. The temple was originally named Gyeonseongsa. It is located on the slope of Sudo Mountain, across the street from the COEX Mall.",0.277,"{""positive"": {""topic"": ""History/Culture"", ""phrase"": ""Rich history & culture!"", ""share"": 10.4}, ""neutral"": {""topic"": ""Shopping"", ""phrase"": ""Lots of shops to browse."", ""share"": 26.8}, ""negative"": {""topic"": ""Shopping"", ""phrase"": ""Shopping can feel touristy/pricey."", ""share"": 35.3}}","Bongeunsa Temple is a beautiful place that can get busy during peak times, so visiting early or late in the day might offer a quieter experience. Some parts of the temple might be a bit tricky to access for those with mobility concerns. Facilities are basic, so bringing water and snacks might be a good idea."
23. Gwangalli Beach,"Food & Drink(964), Scenery(833), Nature(694), Atmosphere(465), Activities(369), Architecture(285), Culture(230), Facilities(206), Crowds(147), Accessibility(114), Shopping(105), Cleanliness(91), Transportation(44), Price(32), Safety(22), Service(13), History & Heritage(3)","Nature(150), Crowds(119), Cleanliness(45), Activities(41), Facilities(41), Atmosphere(35), Transportation(31), Food & Drink(29), Accessibility(21), Price(16), Architecture(12), Scenery(12), Safety(8), Culture(6), Service(3), Shopping(1)",4.3,"219, Gwanganhaebyeon-ro, Suyeong-gu","Gwangalli Beach is a beach in Gwangan 2(i)-dong, Suyeong District, Busan, South Korea. It is west of Haeundae Beach. It sits inside a cove spanned by the Gwangan Bridge and covers 82,000 square meters over a length of 1.4 km and a width of 25 to 110 metres, in a curved in a half-moon shape with fine sand.",0.317,"{""positive"": {""topic"": ""Food"", ""phrase"": ""Highly recommended for food!"", ""share"": 12.1}, ""neutral"": {""topic"": ""Nature"", ""phrase"": ""Nice for a casual stroll."", ""share"": 36.4}, ""negative"": {""topic"": ""Crowds"", ""phrase"": ""Very crowded — expect waiting."", ""share"": 68.8}}","Gwangalli Beach is a lovely spot but can be crowded, especially on weekends. Cleaning efforts are ongoing, so helping by disposing of trash properly is appreciated. Some facilities might be limited, so packing essentials will enhance your comfort during the visit."
24. Bulguksa Temple,"History & Heritage(1352), Nature(617), Architecture(453), Atmosphere(395), Scenery(303), Facilities(283), Activities(275), Culture(218), Accessibility(203), Transportation(167), Service(121), Crowds(98), Price(78), Food & Drink(58), Shopping(50), Cleanliness(13)","Crowds(241), Facilities(97), Accessibility(92), Transportation(76), Nature(75), History & Heritage(71), Price(69), Atmosphere(63), Architecture(49), Activities(45), Service(28), Culture(18), Shopping(15), Food & Drink(9), Scenery(5), Safety(3), Cleanliness(1)",4.4,"385, Bulguk-ro, Gyeongju-si, Gyeongsangbuk-do","Bulguksa is a head temple of the Jogye Order of Korean Buddhism and contains six National Treasures, including the Dabotap and Seokgatap stone pagodas, Cheongun-gyo (Blue Cloud Bridge), and two gilt-bronze statues of Buddha. The temple is classified as a Historic Site by the South Korean government. In 1995, Bulguksa and the nearby Seokguram Grotto were added to the UNESCO World Heritage List.",0.133,"{""positive"": {""topic"": ""Transport"", ""phrase"": ""Easy to get to!"", ""share"": 11.3}, ""neutral"": {""topic"": ""History/Culture"", ""phrase"": ""Background reading enriches the visit."", ""share"": 37.5}, ""negative"": {""topic"": ""Family/Kids"", ""phrase"": ""Can be hectic with kids around."", ""share"": 29.5}}","Bulguksa Temple is a must-visit, but it can be quite crowded, so try visiting early in the morning. The temple is a bit challenging to reach without a car, so consider using a guided tour or checking public transit options. Facilities are modest, so bringing snacks and water is a good idea."
25. Sea Life Coex Seoul Aquarium,"Activities(797), Nature(555), Facilities(362), Accessibility(244), History & Heritage(144), Food & Drink(133), Price(127), Atmosphere(104), Shopping(91), Culture(90), Architecture(74), Service(62), Crowds(50), Cleanliness(49), Scenery(45), Transportation(10), Safety(2)","Price(196), Crowds(141), Facilities(115), Activities(67), Nature(55), Atmosphere(39), Service(30), Shopping(24), Accessibility(22), History & Heritage(21), Culture(19), Cleanliness(9), Food & Drink(5), Architecture(3), Scenery(3), Safety(2), Transportation(1)",4.2,"513, Yeongdong-daero, Gangnam-gu, Seoul","The COEX Aquarium comprises 183 display tanks and 90 breeding tanks with 3,500 tons of water volume, making it a large-scale aquarium. It houses 40,000 sea creatures of 650 different species, exhibited in 16 themed zones. In particular, the highest number of sharks and the largest variety of species in Korea are living in this aquarium. Over 20 rest areas located throughout the aquarium, as well as an open-top water tank releasing anions make this tourist site in the heart of Gangnam a perfect healing place for local and international visitors.",0.392,"{""positive"": {""topic"": ""Shopping"", ""phrase"": ""Great for shopping!"", ""share"": 22.1}, ""neutral"": {""topic"": ""Food"", ""phrase"": ""Plenty of food options around."", ""share"": 10.4}, ""negative"": {""topic"": ""Shopping"", ""phrase"": ""Shopping can feel touristy/pricey."", ""share"": 36.4}}","Sea Life Coex Seoul Aquarium can get busy, so booking tickets in advance might save you waiting time. The entry price is on the higher side, but the experience is worth it. Some facilities could be improved, so planning breaks during your visit can help keep everyone comfortable."
26. Myeongdong NANTA Theater,"Culture(522), Activities(387), Facilities(162), Accessibility(98), Atmosphere(95), Price(85), Service(42), Shopping(26), Food & Drink(25), Scenery(18), Crowds(7), Cleanliness(2), Transportation(2), Architecture(1), History & Heritage(1), Safety(1)","Facilities(47), Culture(29), Price(22), Activities(16), Service(15), Accessibility(14), Crowds(14), Atmosphere(10), Food & Drink(7), Architecture(2), Nature(2), Scenery(2), History & Heritage(1), Transportation(1)",4.6,"26, Myeongdong 2-gil, Jung-gu, Seoul","Nanta, Korea's representative non-verbal performance, opened their fourth exclusive theater in Myeong-dong, the center of shopping. The 386-seat theater is located within the UNESCO Building. It is the largst of the Nanta theaters, and was the first to present foreign actors within the performances. There are 3 shows every day, all year round.",0.353,"{""positive"": {""topic"": ""Performance"", ""phrase"": ""Don't miss the performances!"", ""share"": 36.9}, ""neutral"": {""topic"": ""Tickets/Price"", ""phrase"": ""Check ticket options beforehand."", ""share"": 21.4}, ""negative"": {""topic"": ""Food"", ""phrase"": ""Food options may disappoint."", ""share"": 33.3}}","Myeongdong NANTA Theater is a popular show, so arriving early can help you get settled comfortably. Some facilities are limited, so consider having a snack beforehand. The theater might feel lively and busy, adding to the excitement of the performance."
27. National Folk Museum of Korea,"History & Heritage(1284), Culture(579), Facilities(447), Price(329), Architecture(210), Activities(167), Service(123), Accessibility(115), Shopping(107), Atmosphere(89), Food & Drink(89), Nature(83), Scenery(38), Cleanliness(37), Crowds(16), Transportation(4)","History & Heritage(49), Facilities(41), Crowds(38), Accessibility(26), Activities(20), Culture(16), Nature(13), Atmosphere(12), Service(12), Architecture(11), Food & Drink(7), Price(5), Shopping(3), Transportation(2), Safety(1), Scenery(1)",4.3,"161, Sajik-ro, Jongno-gu, Seoul","National Folk Museum of Korea is a national museum located on the grounds of Gyeongbokgung in Jongno District, Seoul, South Korea. It uses replicas of historical objects to illustrate the history of traditional life of the Korean people.",0.254,"{""positive"": {""topic"": ""History/Culture"", ""phrase"": ""Rich history & culture!"", ""share"": 72.4}, ""neutral"": {""topic"": ""Guided Tour"", ""phrase"": ""Tours available — check schedules."", ""share"": 16.6}, ""negative"": {""topic"": ""Nature"", ""phrase"": ""Outdoor areas can disappoint."", ""share"": 27.5}}","National Folk Museum of Korea offers a rich cultural experience but can be busy during weekends. Some exhibits might feel a bit traditional, so taking your time to explore will enhance your visit. Accessibility is decent, but checking in advance for any mobility needs can be helpful."
28. Hwaseong Fortress,"History & Heritage(933), Activities(580), Scenery(528), Architecture(333), Facilities(284), Transportation(271), Accessibility(228), Nature(206), Atmosphere(200), Culture(143), Price(143), Food & Drink(126), Service(111), Shopping(67), Crowds(53), Cleanliness(18), Safety(7)","Accessibility(148), Activities(81), Nature(81), Facilities(73), Transportation(63), History & Heritage(60), Atmosphere(25), Crowds(24), Architecture(22), Price(20), Scenery(14), Service(14), Food & Drink(11), Safety(9), Shopping(5), Cleanliness(1), Culture(1)",4.4,"20, Changnyong-daero 103beon-gil, Paldal-gu, Suwon-si, Gyeonggi-do","Hwaseong Fortress was built from 1794 to 1796 by King Jeongjo of the Joseon dynasty to house and honour the remains of his father, Prince Sado. Sado had been executed by being locked alive inside a rice chest by his own father King Yeongjo after failing to obey a command to commit suicide. Located 30 kilometres (19 mi) south of Seoul and enclosing much of central Suwon, the fortress includes King Jeongjo's palace Haenggung.",0.239,"{""positive"": {""topic"": ""Transport"", ""phrase"": ""Easy to get to!"", ""share"": 93.2}, ""neutral"": {""topic"": ""History/Culture"", ""phrase"": ""Background reading enriches the visit."", ""share"": 14.6}, ""negative"": {""topic"": ""History/Culture"", ""phrase"": ""Exhibits may feel lacking."", ""share"": 13.4}}","Hwaseong Fortress has some accessibility and transportation challenges, so comfortable walking shoes and a bit of extra time might make your visit more enjoyable. Some visitors find the facilities and activities limited, but the historical atmosphere and architecture still offer a unique experience. Try to visit during less crowded times to fully soak in the fortress's charm."
29. BIFF Square,"Food & Drink(1902), Shopping(958), Atmosphere(294), Culture(209), Activities(175), Price(168), Crowds(109), Accessibility(85), Facilities(72), Architecture(48), Service(43), Transportation(32), Scenery(31), History & Heritage(30), Nature(17), Safety(12), Cleanliness(9)","Crowds(289), Food & Drink(81), Shopping(63), Price(53), Facilities(52), Atmosphere(40), Culture(35), Nature(29), Cleanliness(26), Accessibility(24), Service(21), History & Heritage(15), Activities(13), Safety(8), Architecture(7), Transportation(6), Scenery(2)",4.0,"44, Gudeok-ro, Jung-gu, Busan","Busan’s modern movie district was originally little more than a pair of cinemas that were built following Korea’s liberation from Japanese colonial rule over half a century ago. However, major renovations took place ahead of the first Busan International Film Festival (BIFF), and the newly transformed district was named BIFF Square on September 13, 1996.",0.4,"{""positive"": {""topic"": ""Food"", ""phrase"": ""Highly recommended for food!"", ""share"": 8.5}, ""neutral"": {""topic"": ""Food"", ""phrase"": ""Plenty of food options around."", ""share"": 84.1}, ""negative"": {""topic"": ""Food"", ""phrase"": ""Food options may disappoint."", ""share"": 18.4}}","BIFF Square is a lively spot that can get quite crowded, especially during peak times. If you plan to shop or enjoy the local food, keep in mind that prices might be a bit higher and facilities can be busy. It's a fantastic place to soak up local culture, just be prepared for the bustling atmosphere!"
3. N Seoul Tower,"Scenery(10965), Activities(3144), Facilities(2469), Transportation(2383), Food & Drink(2261), Atmosphere(2070), Accessibility(1738), Nature(1669), Architecture(1644), Culture(1641), Shopping(1251), Price(820), History & Heritage(738), Crowds(342), Service(236), Cleanliness(112), Safety(70)","Crowds(2212), Accessibility(1251), Facilities(1201), Price(1117), Nature(939), Transportation(936), Activities(918), Scenery(803), Food & Drink(335), Architecture(320), Atmosphere(269), Shopping(171), Cleanliness(149), History & Heritage(111), Service(100), Culture(77), Safety(38)",4.2,"103, Namsangongwon-gil, Yongsan-gu, Seoul","N Seoul Tower also known as the YTN Seoul Tower, Namsan Tower, Seoul Tower or N Seoul Tower, is a communication and observation tower located on the summit of Namsan in central Seoul, South Korea. The 236-metre-tall (774 ft) structure was the nation’s first tower servicing multiple TV and radio broadcasters, and is considered a landmark and symbol of the city.",0.242,"{""positive"": {""topic"": ""Transport"", ""phrase"": ""Easy to get to!"", ""share"": 98.0}, ""neutral"": {""topic"": ""Tickets/Price"", ""phrase"": ""Check ticket options beforehand."", ""share"": 16.2}, ""negative"": {""topic"": ""Crowds"", ""phrase"": ""Very crowded — expect waiting."", ""share"": 8.9}}","N Seoul Tower is a must-visit but can be busy, so planning your visit during off-peak hours might help avoid some crowds. Some find accessibility and facilities a bit challenging, so consider using available transportation options for convenience. Despite this, the views and activities are definitely worth the visit!"
30. Korean Folk Village,"Culture(861), Activities(557), Food & Drink(332), History & Heritage(318), Architecture(218), Facilities(211), Atmosphere(174), Nature(169), Transportation(144), Accessibility(112), Price(109), Scenery(93), Shopping(91), Service(78), Crowds(46), Cleanliness(12)","Nature(78), Transportation(76), Activities(63), Price(50), Accessibility(44), Culture(44), Crowds(38), Food & Drink(37), Facilities(28), Service(19), Atmosphere(16), Shopping(10), Architecture(9), History & Heritage(9)",4.4,"90, Minsokchon-ro, Giheung-gu, Yongin-si, Gyeonggi-do","Korean Folk Village is a living museum type of tourist attraction in the city of Yongin, a satellite city in the Seoul Metropolitan Area in the province of Gyeonggi in South Korea. It was first opened on October 3, 1974 (ground breaking in 1973 and completion in 1974). Korean Folk Village is a popular tourist destination for both Koreans and foreigners, located near South Korea's largest amusement park, Everland.",0.231,"{""positive"": {""topic"": ""Tickets/Price"", ""phrase"": ""Good value for money!"", ""share"": 13.1}, ""neutral"": {""topic"": ""Transport"", ""phrase"": ""Plan your route in advance."", ""share"": 83.7}, ""negative"": {""topic"": ""Performance"", ""phrase"": ""Show schedule can be inconvenient."", ""share"": 13.0}}","The Korean Folk Village offers a rich cultural experience but getting there might take a bit of extra planning due to transportation and accessibility. Some visitors mention limited activities and facilities, so consider allocating enough time to explore comfortably. The traditional atmosphere is truly special and worth the effort!"
31. Jeongbang Waterfall,"Nature(847), Scenery(378), Activities(180), Accessibility(163), Facilities(103), Price(87), Food & Drink(83), Atmosphere(78), Shopping(27), Crowds(26), Transportation(20), History & Heritage(15), Culture(14), Service(13), Cleanliness(9), Architecture(6), Safety(2)","Accessibility(136), Nature(134), Crowds(104), Safety(81), Activities(41), Price(41), Facilities(32), Scenery(27), Food & Drink(10), Atmosphere(7), Service(7), Transportation(6), Architecture(3), History & Heritage(3), Cleanliness(1), Shopping(1)",4.3,"37, Chilsimni-ro 214beon-gil, Seogwipo-si, Jeju-do,","Jeongbang Waterfall is a waterfall and popular tourist attraction located in Seogwipo, Jeju Province, South Korea. The waterfall is 23 m (75 ft) high and is very close to the ocean. Depending on the level of recent rainfall, it can be up 8 m (26 ft) wide. The source of the waterfall is the stream Donghong-cheon. It is considered to be one of Yeongjusipgeong, the ten greatest scenic wonders of Jeju Island.",0.293,"{""positive"": {""topic"": ""Nature"", ""phrase"": ""Beautiful natural scenery!"", ""share"": 16.4}, ""neutral"": {""topic"": ""Nature"", ""phrase"": ""Nice for a casual stroll."", ""share"": 35.3}, ""negative"": {""topic"": ""Hiking/Stairs"", ""phrase"": ""Steep stairs — physically demanding."", ""share"": 20.9}}","Jeongbang Waterfall is a beautiful natural spot, though accessibility and safety concerns suggest wearing good footwear and being cautious on paths. It can also get a bit crowded, so visiting early in the day might offer a more peaceful experience. Facilities are limited, so bringing your own snacks and water is a good idea."
32. DMZ,"History & Heritage(1009), Activities(841), Service(593), Scenery(248), Transportation(232), Facilities(185), Architecture(125), Price(125), Atmosphere(113), Culture(108), Food & Drink(107), Safety(89), Shopping(65), Nature(63), Accessibility(35), Crowds(26), Cleanliness(2)","Activities(208), Service(146), Accessibility(126), Facilities(126), History & Heritage(99), Transportation(92), Price(87), Crowds(84), Nature(62), Safety(58), Atmosphere(57), Architecture(52), Scenery(52), Food & Drink(45), Culture(28), Shopping(27), Cleanliness(1)",4.4,"310, Je3ttanggul-ro, Jangdan-myeon, Paju-si, Gyeonggi-do","DMZ is an area in which treaties or agreements between states, military powers or contending groups forbid military installations, activities, or personnel. A DZ often lies along an established frontier or boundary between two or more military powers or alliances.",0.314,"{""positive"": {""topic"": ""Guided Tour"", ""phrase"": ""Guided tours are worth it!"", ""share"": 10.0}, ""neutral"": {""topic"": ""Transport"", ""phrase"": ""Plan your route in advance."", ""share"": 17.2}, ""negative"": {""topic"": ""Guided Tour"", ""phrase"": ""Tour operation can be inconvenient."", ""share"": 9.5}}","Visiting the DMZ is a unique experience that may require some patience due to limited activities and strict accessibility rules. Tour services can vary, so booking with a reliable guide will enhance your visit. Keep in mind that transportation options are limited, so plan your trip accordingly."
33. Songdo Cable Car,"Scenery(116), Activities(74), Transportation(45), Nature(35), Food & Drink(32), Facilities(30), Crowds(20), Price(17), Accessibility(12), History & Heritage(7), Atmosphere(6), Cleanliness(4), Service(4), Culture(3), Safety(3), Shopping(2)","Price(16), Facilities(8), Crowds(7), Accessibility(5), Nature(4), Scenery(4), Transportation(4), Activities(3), Atmosphere(3), Architecture(2), Food & Drink(2), Service(2), Cleanliness(1)",4.4,"171, Songdohaebyeon-ro, Seo-gu, Busan","The Songdo Sea Cable Car Busan Accrues, constructed by the world's leading cable car industry, is the only one in Korea to have a direct anti-war car (return station) drive system that is operated in a secure monocable gondola system.",0.311,"{""positive"": {""topic"": ""Transport"", ""phrase"": ""Easy to get to!"", ""share"": 41.0}, ""neutral"": {""topic"": ""Transport"", ""phrase"": ""Plan your route in advance."", ""share"": 27.3}, ""negative"": {""topic"": ""Tickets/Price"", ""phrase"": ""Check tickets & reservations in advance."", ""share"": 36.4}}","The Songdo Cable Car is a fun way to enjoy the scenery, though some find it a bit pricey for the experience. Facilities are minimal, so pack light and be ready for some waiting during busy times. The views are lovely, making it a nice quick outing!"
34. Daepo Haean Jusangjeolli Cliff,"Nature(630), Scenery(424), Activities(143), Facilities(100), Accessibility(73), Price(57), History & Heritage(27), Atmosphere(25), Transportation(23), Crowds(21), Food & Drink(19), Service(17), Architecture(11), Culture(10), Shopping(8), Cleanliness(6), Safety(6)","Crowds(110), Nature(71), Price(35), Facilities(32), Activities(29), Accessibility(21), Scenery(21), Transportation(10), Shopping(6), Architecture(3), Safety(3), Service(3), Food & Drink(2), Culture(1)",4.4,"36-24, Ieodo-ro, Seogwipo-si, Jeju-do","Daepo Jusangjeolli Cliff is a stone pillar formed by lava that flowed out of the crater and contracted as it cooled rapidly. It is characterized by its polygonal staircase-like form. The stones are 30 to 40 meters high, hexagonal in shape, and line the coast for about 1 kilometer. The constant crashing of the waves is a highlight not to be missed. ",0.177,"{""positive"": {""topic"": ""Nature"", ""phrase"": ""Beautiful natural scenery!"", ""share"": 16.3}, ""neutral"": {""topic"": ""Tickets/Price"", ""phrase"": ""Check ticket options beforehand."", ""share"": 31.2}, ""negative"": {""topic"": ""Scenery"", ""phrase"": ""Views depend heavily on weather."", ""share"": 37.3}}","Daepo Haean Jusangjeolli Cliff is stunning but can get crowded, so early visits are recommended for a more serene experience. Limited facilities and accessibility might mean bringing essentials with you. The natural beauty and unique rock formations are well worth a visit!"
35. Jogyesa Temple,"History & Heritage(678), Atmosphere(615), Culture(446), Architecture(441), Nature(220), Accessibility(145), Activities(135), Facilities(117), Service(104), Scenery(79), Shopping(72), Price(68), Food & Drink(33), Crowds(28), Transportation(12), Cleanliness(9), Safety(3)","Crowds(61), Atmosphere(40), Architecture(38), Facilities(34), Accessibility(16), History & Heritage(16), Nature(11), Service(10), Scenery(7), Activities(6), Culture(5), Cleanliness(4), Shopping(4), Food & Drink(1), Price(1)",4.4,"55, Ujeongguk-ro, Jongno-gu, Seoul","Jogyesa Temple is the chief temple of the Jogye Order of Korean Buddhism. The building dates back to the late 14th century and became the order's chief temple in 1936. It thus plays a leading role in the current state of Seon Buddhism in South Korea. The temple was first established in 1395, at the dawn of the Joseon period; the modern temple was founded in 1910 and initially called ""Gakhwangsa"".",0.331,"{""positive"": {""topic"": ""History/Culture"", ""phrase"": ""Rich history & culture!"", ""share"": 92.8}, ""neutral"": {""topic"": ""History/Culture"", ""phrase"": ""Background reading enriches the visit."", ""share"": 79.8}, ""negative"": {""topic"": ""Guided Tour"", ""phrase"": ""Tour operation can be inconvenient."", ""share"": 30.2}}","Jogyesa Temple is a peaceful cultural spot but can be busy, especially during weekends and holidays. Facilities are modest, and some find the atmosphere less tranquil during peak times. Visiting during quieter hours can help you enjoy the beautiful architecture and spiritual vibe."
36. Namsangol Hanok Village,"Culture(636), Architecture(480), Activities(356), Price(323), Nature(299), Atmosphere(268), History & Heritage(251), Facilities(191), Scenery(172), Accessibility(158), Food & Drink(93), Service(86), Crowds(70), Shopping(46), Transportation(35), Cleanliness(29), Safety(1)","Crowds(71), Facilities(48), Nature(46), Culture(41), Activities(29), Accessibility(18), Atmosphere(17), Architecture(13), History & Heritage(10), Food & Drink(9), Price(8), Service(7), Shopping(6), Transportation(6), Scenery(4), Cleanliness(1), Safety(1)",4.2,"28, Toegye-ro 34-gil, Jung-gu, Seoul","Namsangol Hanok Village is a recreated village of historical Korean buildings in Pil-dong, Jung District, Seoul, South Korea. The village contains several Korean traditional houses called hanok. The Namsangol Hanok Village offers one the opportunity to experience a wide cross-section of Joseon-era citizenry and activities, from royalty to commoners.",0.324,"{""positive"": {""topic"": ""History/Culture"", ""phrase"": ""Rich history & culture!"", ""share"": 11.1}, ""neutral"": {""topic"": ""Transport"", ""phrase"": ""Plan your route in advance."", ""share"": 21.8}, ""negative"": {""topic"": ""Crowds"", ""phrase"": ""Very crowded — expect waiting."", ""share"": 39.7}}","Namsangol Hanok Village offers a charming cultural experience, though some visitors note that facilities and activities are somewhat limited. Crowds can be present, so try to visit during less busy times for a more relaxed stroll. The traditional architecture and cultural displays make it a lovely spot to explore."
37. Donggung Palace and Wolji Pond,"Scenery(699), Nature(417), Facilities(378), Atmosphere(303), Activities(277), History & Heritage(199), Architecture(139), Accessibility(88), Price(59), Crowds(48), Culture(48), Transportation(21), Service(17), Food & Drink(14), Shopping(6), Cleanliness(4), Safety(2)","Crowds(164), Nature(90), Facilities(67), History & Heritage(31), Atmosphere(30), Architecture(25), Scenery(25), Activities(24), Price(19), Transportation(16), Accessibility(13), Food & Drink(4), Safety(3), Service(3), Culture(2), Cleanliness(1)",4.3,"102, Wonhwa-ro, Gyeongju-si, Gyeongsangbuk-do","Donggung Palace and Wolji Pond are a Silla-era former palace and artificial pond in Gyeongju, South Korea. They were part of the palace complex of ancient Silla (57 BCE – 935 CE). It was constructed by order of King Munmu in 674 CE. The pond was formerly known as Anapji (안압지) and is situated at the northeast edge of the Wolseong Palace, in central Gyeongju.",0.127,"{""positive"": {""topic"": ""Scenery"", ""phrase"": ""Stunning views!"", ""share"": 8.9}, ""neutral"": {""topic"": ""Transport"", ""phrase"": ""Plan your route in advance."", ""share"": 38.7}, ""negative"": {""topic"": ""Hiking/Stairs"", ""phrase"": ""Steep stairs — physically demanding."", ""share"": 33.3}}","Donggung Palace and Wolji Pond can get quite busy, especially during peak times, so consider visiting early in the day for a more peaceful experience. Some facilities might feel a bit limited, so plan accordingly. Despite the crowds, the natural beauty and historic atmosphere are truly worth it."
38. Ikseon-dong Hanok Street,"Food & Drink(129), Shopping(70), Atmosphere(49), Architecture(39), Activities(15), Culture(13), Scenery(12), Accessibility(8), Crowds(5), History & Heritage(5), Facilities(4), Price(1), Service(1)","Crowds(28), Price(12), Facilities(5), Atmosphere(4), Food & Drink(4), Nature(3), Shopping(3), Accessibility(2), Activities(1), Architecture(1), Culture(1), Service(1)",4.4,"33-11, Supyo-ro 28-gil, Jongno-gu","Ikseon-dong borders Unni-dong to the north, Donui-dong to the south, Nagwon-dong to the west, and Yaryong-dong and Myo-dong to the east. Transportation is convenient thanks to the nearby Samil-daero and Donhwamun-ro, and Jongno 3-ga station on the subway. Within the dong are the Jongno 1·2·3·4-ga-dong Community Center and the 'Uri Sori Library', among other facilities. As of 2020, the population is around 1,000.",0.411,"{""positive"": {""topic"": ""Food"", ""phrase"": ""Highly recommended for food!"", ""share"": 55.3}, ""neutral"": {""topic"": ""History/Culture"", ""phrase"": ""Background reading enriches the visit."", ""share"": 37.5}, ""negative"": {""topic"": ""Crowds"", ""phrase"": ""Very crowded — expect waiting."", ""share"": 60.0}}","Ikseon-dong Hanok Street is a charming spot that can get a bit crowded, especially on weekends. Prices in this trendy area may be on the higher side, so it’s good to budget a little extra. The cozy atmosphere and unique shops make it a delightful place to explore at a leisurely pace."
39. Jeonju Hanok Village,"Food & Drink(714), Culture(496), Architecture(316), Activities(280), Atmosphere(243), Shopping(196), Facilities(169), History & Heritage(155), Scenery(132), Accessibility(74), Nature(71), Transportation(66), Crowds(45), Price(44), Service(35), Cleanliness(28), Safety(2)","Crowds(184), Atmosphere(94), Food & Drink(92), Culture(79), Shopping(73), Facilities(72), Architecture(52), Price(42), Activities(32), Transportation(28), Nature(24), Service(16), Accessibility(14), History & Heritage(14), Cleanliness(6), Scenery(6), Safety(1)",4.1,"44, Taejo-ro, Wansan-gu, Jeonju-si, Jeonbuk-do","Jeonju Hanok Village is a village in the city of Jeonju, South Korea, and overlaps with the Pungnam-dong and Gyo-dong neighborhoods. The village contains over 800 Korean traditional houses called Hanok. The village is famous among Koreans and tourists because of its traditional buildings that strongly contrast with the modern city around it.",0.369,"{""positive"": {""topic"": ""History/Culture"", ""phrase"": ""Rich history & culture!"", ""share"": 15.8}, ""neutral"": {""topic"": ""History/Culture"", ""phrase"": ""Background reading enriches the visit."", ""share"": 32.7}, ""negative"": {""topic"": ""Food"", ""phrase"": ""Food options may disappoint."", ""share"": 12.8}}","Jeonju Hanok Village is a popular destination that often attracts many visitors, so it might feel lively and bustling. Some food and drink options can be pricier than expected, so trying local street food might be a fun alternative. The village’s rich culture and beautiful architecture provide a wonderful backdrop for your visit."
4. National Museum Of Korea,"History & Heritage(3293), Facilities(1822), Culture(1025), Architecture(1023), Price(986), Nature(521), Food & Drink(514), Accessibility(501), Activities(414), Service(382), Shopping(322), Atmosphere(259), Scenery(225), Crowds(104), Cleanliness(103), Transportation(74), Safety(3)","History & Heritage(241), Facilities(188), Accessibility(111), Crowds(108), Activities(78), Culture(77), Service(65), Food & Drink(46), Architecture(41), Atmosphere(38), Price(27), Transportation(20), Shopping(16), Nature(15), Safety(4), Cleanliness(2)",4.5,"137, Seobinggo-ro, Yongsan-gu, Seoul","National Museum Of Korea is the flagship museum of Korean history and art in South Korea. Since its establishment in 1945, the museum has been committed to various studies and research activities in the fields of archaeology, history, and art, continuously developing a variety of exhibitions and education programs.",0.152,"{""positive"": {""topic"": ""History/Culture"", ""phrase"": ""Rich history & culture!"", ""share"": 59.2}, ""neutral"": {""topic"": ""Guided Tour"", ""phrase"": ""Tours available — check schedules."", ""share"": 21.2}, ""negative"": {""topic"": ""History/Culture"", ""phrase"": ""Exhibits may feel lacking."", ""share"": 65.3}}","The National Museum of Korea is a treasure trove of history but can become quite crowded, especially on weekends. Some facilities and accessibility features may not meet every visitor's needs, so comfortable shoes and a bit of patience will enhance your experience. Take your time to soak in the vast cultural heritage it offers."
42. Gwanghwamun Gate,"History & Heritage(641), Culture(478), Architecture(359), Scenery(268), Activities(177), Facilities(154), Atmosphere(134), Accessibility(101), Nature(73), Safety(66), Price(62), Food & Drink(40), Crowds(35), Shopping(35), Transportation(25), Service(22), Cleanliness(15)","Crowds(50), Transportation(39), Facilities(34), History & Heritage(28), Architecture(21), Nature(21), Accessibility(19), Activities(15), Culture(15), Safety(12), Scenery(9), Price(8), Atmosphere(3), Food & Drink(3), Service(3), Shopping(2)",4.2,"161, Sajik-ro, Jongno-gu, Seoul","Gwanghwamun Gate is located at a three-way intersection at the northern end of Sejongno. As a landmark and symbol of Seoul's history as the capital of Joseon, the gate has gone through multiple periods of destruction and disrepair. The most recent large-scale restoration work on the gate was finished and it was opened to the public on August 15, 2010.",0.307,"{""positive"": {""topic"": ""Performance"", ""phrase"": ""Don't miss the performances!"", ""share"": 26.5}, ""neutral"": {""topic"": ""History/Culture"", ""phrase"": ""Background reading enriches the visit."", ""share"": 31.9}, ""negative"": {""topic"": ""Performance"", ""phrase"": ""Show schedule can be inconvenient."", ""share"": 27.8}}","Gwanghwamun Gate is a must-see landmark that tends to draw crowds, so visiting during less busy times might help you enjoy it more peacefully. Transportation options are good, but some facilities nearby might be limited. The historic significance and impressive architecture make it a memorable stop."
43. Seoul Arts Center,"Culture(792), Facilities(332), History & Heritage(251), Atmosphere(201), Activities(194), Architecture(175), Food & Drink(160), Accessibility(94), Nature(82), Transportation(73), Scenery(66), Price(57), Service(41), Shopping(35), Cleanliness(30), Crowds(17), Safety(1)","Transportation(73), Accessibility(69), Facilities(62), Price(41), Crowds(32), Food & Drink(23), Culture(18), Architecture(8), Service(8), Shopping(8), Atmosphere(7), History & Heritage(7), Nature(6), Activities(5), Safety(2), Scenery(2), Cleanliness(1)",4.4,"2406, Nambusunhwan-ro, Seocho-gu, Seoul","The Seoul Arts Center consists of five main buildings: the Opera House, with three auditoriums; the Music Hall, with two concert halls; the Hangaram Art Museum; the Hangaram Design Museum; and the Seoul Calligraphy Art Museum. The Opera House is built in a shape that resembles the traditional Korean bamboo hat called gat.",0.258,"{""positive"": {""topic"": ""Transport"", ""phrase"": ""Easy to get to!"", ""share"": 15.3}, ""neutral"": {""topic"": ""Crowds"", ""phrase"": ""Can get busy at peak times."", ""share"": 26.7}, ""negative"": {""topic"": ""Exhibits"", ""phrase"": ""Exhibits may feel underwhelming."", ""share"": 36.8}}","The Seoul Arts Center is a fantastic cultural venue but can be a bit challenging to reach due to transportation and accessibility factors. Facilities might not be extensive, so planning ahead is helpful. Enjoy the vibrant arts scene and consider visiting during off-peak hours for a more relaxed visit."
44. Changgyeonggung Palace,"Nature(436), Architecture(359), History & Heritage(338), Activities(246), Atmosphere(223), Culture(166), Price(148), Scenery(146), Facilities(140), Crowds(109), Service(88), Accessibility(74), Transportation(18), Shopping(17), Cleanliness(10), Food & Drink(4), Safety(2)","Architecture(65), Crowds(43), Nature(43), Facilities(38), History & Heritage(34), Price(33), Accessibility(25), Activities(21), Atmosphere(21), Culture(8), Service(8), Safety(4), Scenery(3), Cleanliness(1), Food & Drink(1), Shopping(1), Transportation(1)",4.4,"185, Changgyeonggung-ro, Jongno-gu, Seoul","Changgyeonggung Palace was built in the mid-15th century by King Sejong for his father, Taejong. It was originally named ""Suganggung"", but it was renovated and enlarged in 1483 by King Seongjong, at which time it received its current name. Many structures were destroyed during the Imjin War, Japan's late 15th to 16th (1592) century attempts to conquer Korea and invade China.",0.263,"{""positive"": {""topic"": ""Guided Tour"", ""phrase"": ""Guided tours are worth it!"", ""share"": 54.3}, ""neutral"": {""topic"": ""Tickets/Price"", ""phrase"": ""Check ticket options beforehand."", ""share"": 28.2}, ""negative"": {""topic"": ""History/Culture"", ""phrase"": ""Exhibits may feel lacking."", ""share"": 50.0}}","Changgyeonggung Palace offers beautiful architecture and nature but can sometimes feel crowded. Some facilities are basic, so bring essentials with you. The peaceful gardens and historic charm make it a lovely place to unwind and explore."
45. Insadong Spa & Sauna,"Service(96), Activities(69), Facilities(65), Price(23), Atmosphere(17), Nature(17), Cleanliness(15), Culture(15), Food & Drink(13), Accessibility(7), Shopping(4), Architecture(3), Crowds(3), Transportation(2), Safety(1)","Facilities(12), Service(11), Accessibility(4), Cleanliness(4), Price(3), Activities(2), Nature(2), Transportation(2), Culture(1), Food & Drink(1)",4.5,"36, Yulgok-ro 6-gil, Jongno-gu, Seoul","Insadong Spa & Sauna offer cool refuge from summer heat and comforting warmth in winter. Your journey begins in our traditional sauna. Experience the purifying heat of a classic jjimjilbang, the reason travelers worldwide give our treatments rave reviews. First, let the world-renowned Korean Body Scrub exfoliate away travel dullness, revealing silken, radiant skin. It’s a true transformation.",0.675,"{""positive"": {""topic"": ""History/Culture"", ""phrase"": ""Rich history & culture!"", ""share"": 21.2}, ""neutral"": {""topic"": ""Body Scrub & Massage"", ""phrase"": ""Worth a look if nearby."", ""share"": 50.0}, ""negative"": {""topic"": ""Weather"", ""phrase"": ""Weather can make or break the visit."", ""share"": 22.2}}","Insadong Spa & Sauna is a cozy spot for relaxation, though some visitors find the facilities and service could be improved. Accessibility might be a bit tricky, so check ahead if you have specific needs. It’s a great place to unwind after a day of sightseeing."
47. Gyeongju National Museum,"History & Heritage(1014), Facilities(296), Price(189), Culture(156), Service(91), Architecture(88), Accessibility(77), Shopping(69), Activities(55), Nature(55), Atmosphere(42), Scenery(27), Food & Drink(16), Crowds(14), Transportation(11), Cleanliness(8), Safety(1)","Facilities(57), Crowds(38), History & Heritage(38), Architecture(28), Accessibility(19), Atmosphere(17), Culture(15), Nature(13), Service(13), Food & Drink(12), Activities(7), Price(5), Transportation(5), Shopping(4), Scenery(1)",4.5,"186, Iljeong-ro, Gyeongju-si, Gyeongsangbuk-do","Gyeongju National Museum is a museum in Gyeongju, South Korea. Its holdings are largely devoted to relics of the Silla kingdom, of which Gyeongju was the capital. The museum is located immediately adjacent to the royal tomb complex, in an area which also includes the Gyerim forest, Cheomseongdae observatory, Banwolseong palace, and Anapji Pond.",0.098,"{""positive"": {""topic"": ""History/Culture"", ""phrase"": ""Rich history & culture!"", ""share"": 12.1}, ""neutral"": {""topic"": ""History/Culture"", ""phrase"": ""Background reading enriches the visit."", ""share"": 53.9}, ""negative"": {""topic"": ""Transport"", ""phrase"": ""Be cautious about transportation."", ""share"": 28.8}}","Gyeongju National Museum is rich in history but can get busy during peak times. Some facilities and accessibility features may be limited, so plan your visit accordingly. The museum's fascinating exhibits and cultural atmosphere make it worth a visit."
48. The War and Women's Human Rights Museum,"History & Heritage(78), Atmosphere(18), Facilities(17), Culture(12), Service(10), Architecture(5), Activities(2), Transportation(2), Accessibility(1), Food & Drink(1), Nature(1)","Accessibility(14), Facilities(3), Transportation(3), History & Heritage(2), Activities(1), Culture(1), Nature(1)",4.8,"39-6, Seongsan-dong, Mapo-gu, Seoul","The War and Women’s Human Rights Museum is a space dedicated to remembering and educating about the history of Japanese military “comfort women” victim-survivors and works towards the just resolution of the Japanese military sexual slavery issue. The museum is also a space for solidarity and action, raising awareness about ongoing issues of sexual violence in conflict zones and standing in solidarity for a world free from war and violence against women.",0.774,"{""positive"": {""topic"": ""Guided Tour"", ""phrase"": ""Guided tours are worth it!"", ""share"": 20.6}, ""neutral"": {""topic"": ""Transport"", ""phrase"": ""Plan your route in advance."", ""share"": 62.5}, ""negative"": {""topic"": ""Transport"", ""phrase"": ""Be cautious about transportation."", ""share"": 25.0}}","The War and Women's Human Rights Museum is a meaningful place to visit, though accessibility might require some extra planning. Facilities are modest, so wearing comfortable shoes and preparing ahead can help. Its powerful exhibits offer an important perspective on history."
49. Woljeonggyo Bridge,"Architecture(45), Scenery(41), History & Heritage(24), Atmosphere(18), Activities(14), Facilities(10), Nature(9), Accessibility(6), Culture(3), Food & Drink(2), Price(2), Service(2), Safety(1)","Accessibility(7), Facilities(3), Architecture(2), Crowds(2), History & Heritage(2), Safety(1)",4.3,"274, Gyo-dong, Gyeongju-si, Gyeongsangbuk-do","Woljeonggyo Bridge is a covered bridge in Gyeongju, South Korea. Originally built in 760 A.D.[a] during the Unified Silla period and lost during the Joseon period, it was rebuilt and opened in April 2018. On November 27, 2004, the sites of and its counterpart former bridge Iljeonggyo were designated Historic Sites of South Korea.",0.174,"{""positive"": {""topic"": ""History/Culture"", ""phrase"": ""Rich history & culture!"", ""share"": 39.1}, ""neutral"": {""topic"": ""History/Culture"", ""phrase"": ""Background reading enriches the visit."", ""share"": 55.6}, ""negative"": null}","Woljeonggyo Bridge is a beautiful spot, but some visitors find the accessibility and facilities a bit limited. It might be a good idea to wear comfortable shoes and plan ahead for any special needs. Also, visiting during less busy times can help you enjoy the peaceful architecture and surroundings."
5. Insadong,"Shopping(9788), Food & Drink(7621), Culture(3435), Atmosphere(2553), Activities(1304), Price(998), Accessibility(983), Architecture(653), Facilities(647), History & Heritage(426), Crowds(409), Service(387), Scenery(264), Transportation(197), Nature(144), Safety(95), Cleanliness(93)","Shopping(934), Crowds(917), Price(675), Food & Drink(258), Atmosphere(251), Facilities(158), Culture(155), Service(99), Accessibility(96), Activities(81), Nature(73), Transportation(44), Architecture(37), Safety(24), History & Heritage(19), Scenery(9), Cleanliness(7)",4.2,"44, Insadong-gil, Jongno-gu, Seoul","Insadong is connected to a number of alleys that lead deeper into the district,[1] with modern galleries and tea shops.[2] Historically, it was the largest market for antiques and artwork in Korea.",0.359,"{""positive"": {""topic"": ""Shopping"", ""phrase"": ""Great for shopping!"", ""share"": 82.1}, ""neutral"": {""topic"": ""Food"", ""phrase"": ""Plenty of food options around."", ""share"": 6.4}, ""negative"": {""topic"": ""Shopping"", ""phrase"": ""Shopping can feel touristy/pricey."", ""share"": 25.5}}","Insadong is lively and full of charm, though it can get quite crowded and prices may be on the higher side. Exploring the smaller alleyways might give you a more relaxed experience away from the busiest spots. Keep an eye out for local eateries to enjoy authentic flavors without the rush."
50. Aroma Thai Spa Gongdeok,"Service(427), Activities(209), Facilities(81), Atmosphere(66), Price(61), Cleanliness(50), Food & Drink(30), Accessibility(11), Nature(6), Culture(5), Shopping(3), Transportation(3), Architecture(2), History & Heritage(2), Safety(2)","Price(8), Service(6), Atmosphere(3), Accessibility(2), Activities(2), Facilities(2), Cleanliness(1)",4.9,"16-10, Dohwa-dong, Mapo-gu, Seoul",Aroma Thai Spa Gongdeok has been open for 15 years. our all therapists have a 20 years of the experience . and We have been transformed into through the experiences of many Koreans over a long period of time. it's not original thai style. It's a mix of Thai and Korea styles. so you can feel our story in your massage. Our value is a review of our guests' visit Please check the experience of many customers for a long time and use it. ,0.329,"{""positive"": {""topic"": ""Facilities"", ""phrase"": ""Clean, well-kept facilities!"", ""share"": 28.1}, ""neutral"": null, ""negative"": {""topic"": ""Facilities"", ""phrase"": ""Facilities need improvement."", ""share"": 50.0}}","Aroma Thai Spa Gongdeok offers a relaxing experience, but some guests mention that prices and service can vary. Booking in advance and checking recent reviews might help you find the best times to visit. The cozy atmosphere is perfect for unwinding, so take your time to enjoy the treatments."
51. Spa Gogyeol,"Service(173), Activities(103), Atmosphere(28), Facilities(25), Food & Drink(12), Cleanliness(11), Nature(9), Price(6), Accessibility(4), Architecture(4), Transportation(2), History & Heritage(1), Scenery(1)","Facilities(1), Price(1), Service(1)",5.0,"13, Seolleung-ro 132-gil, Gangnam-gu, Seoul","Spa Gogyeol is a premium luxury wellness spa in Korea, trusted by both domestic and international clients. Ranked No.1 in the Seoul Spa category by TripAdvisor 2025 Selected as one of Korea’s Top 100 Beauty & Wellness Companies 2025 Over 2,000 Google reviews with a perfect 5.0 rating Reinterpreting the philosophy of “Qi (energy) circulation” from traditional Korean medicine into a modern therapeutic system",0.351,"{""positive"": {""topic"": ""Therapeutic Massage"", ""phrase"": ""Visitors love it!"", ""share"": 61.9}, ""neutral"": null, ""negative"": null}","Spa Gogyeol is a great place to relax, though a few visitors note that facilities and service might be a bit basic. It’s a nice spot if you’re looking for a simple and peaceful spa experience. Consider calling ahead to confirm availability and any special offers."
53. Nami Island,"Nature(1773), Activities(1528), Scenery(1277), Atmosphere(716), Food & Drink(693), Facilities(500), Transportation(424), Culture(266), Accessibility(235), Shopping(139), Price(115), Service(101), Crowds(93), History & Heritage(72), Cleanliness(45), Architecture(29), Safety(7)","Crowds(504), Nature(353), Transportation(212), Activities(194), Price(106), Facilities(82), Food & Drink(79), Accessibility(66), Scenery(65), Atmosphere(46), Shopping(24), Service(18), Cleanliness(11), Culture(10), Safety(7), Architecture(5), History & Heritage(3)",4.3,"1, Namiseom-gil, Namsan-myeon, Chuncheon-si, Gangwon-do","Namiseom or Nami Island is a half-moon shaped river island, formed as the land around it was inundated by the rising water of the Bukhan River (northern part of the Han River) as the result of the construction of Cheongpyeong Dam in 1944.",0.206,"{""positive"": {""topic"": ""Weather"", ""phrase"": ""Beautiful in season!"", ""share"": 8.8}, ""neutral"": {""topic"": ""Transport"", ""phrase"": ""Plan your route in advance."", ""share"": 21.9}, ""negative"": {""topic"": ""Crowds"", ""phrase"": ""Very crowded — expect waiting."", ""share"": 22.8}}","Nami Island is a popular destination, so it can get quite crowded, especially on weekends. If you prefer a quieter visit, try going early in the morning or during weekdays. Public transportation is available but can be busy, so planning your trip ahead will make your visit smoother."
54. Lavish Spa,"Service(121), Activities(75), Atmosphere(25), Cleanliness(15), Facilities(12), Price(12), Shopping(7), Food & Drink(5), Culture(3), Accessibility(2), Nature(2), Safety(2), Architecture(1), Crowds(1)","Facilities(2), Price(2), Accessibility(1), Activities(1), Service(1)",4.9,"6-4, Dongsung 3-gil, Jongno-gu, Seoul","Lavish Spa offers programs designed for beauty, healthy rejuvenation, and relaxation. Experience high-quality traditional wellness services through treatments using natural products extracted from nature, rather than chemical ingredients.",0.556,"{""positive"": {""topic"": ""Therapeutic Massage"", ""phrase"": ""Visitors love it!"", ""share"": 63.3}, ""neutral"": null, ""negative"": {""topic"": ""Therapeutic Massage"", ""phrase"": ""Some visitors were disappointed."", ""share"": 55.6}}","Lavish Spa is a lovely place to unwind, though some guests find the facilities and pricing to be on the higher side. Booking ahead and checking for any packages might help you get the best value. Accessibility is generally good, but it’s nice to confirm details if you have special requirements."
55. Bugak Palgakjeong Pavilion,"Scenery(29), Activities(10), Facilities(9), Nature(8), Food & Drink(5), Atmosphere(4), Architecture(2), Transportation(2), Accessibility(1), Crowds(1), History & Heritage(1)","Facilities(3), Crowds(2), Nature(2), Transportation(2), Accessibility(1), Activities(1), Scenery(1)",4.4,"267, Bugaksan-ro, Jongno-gu, Seoul","Bugak Palgakjeong Pavilion is a tourist road that stretches over 10 kilometers along the ridges of Bugaksan Mountain all the way into Jahamun Gate and Jeongneung Arirang Pass. Palgakjeong Pavilion, situated at the center of the road at an altitude of 342 meters, is a hanok type pavilion spanning over 652 meters that retains the beauty of traditional Korean architecture.",0.267,"{""positive"": {""topic"": ""Crowds"", ""phrase"": ""Lively, bustling atmosphere!"", ""share"": 32.0}, ""neutral"": null, ""negative"": null}","Bugak Palgakjeong Pavilion offers lovely views, though some find the facilities a bit limited and transportation a little tricky. Wearing comfortable shoes and planning your route can enhance your visit. Visiting during off-peak times can provide a more peaceful and scenic experience."
56. The Spa Grand Hyatt Seoul,"Service(39), Facilities(31), Activities(22), Food & Drink(12), Accessibility(7), Nature(6), Price(6), Scenery(6), Atmosphere(5), Cleanliness(5), Culture(4), Shopping(3), Crowds(1), History & Heritage(1), Transportation(1)","Facilities(4), Price(4), Service(4), Crowds(2), Culture(1), Transportation(1)",4.6,"361, Sowol-ro, Yongsan-gu, Seoul","The Spa features a variety of treatments including a Korean Massage, Aromatherapy, and Aroma Stone treatment. Treatments incorporate ancient Korean techniques such as six year old ginseng and a blend of traditional Korean herbs. These techniques are blended with European spa traditions to deliver a deluxe spa experience. Our spa offers 14 luxurious spa suites and treatment rooms where you will find yourself immersed in a sanctuary of tranquility.",0.646,"{""positive"": {""topic"": ""Professional Massage"", ""phrase"": ""Visitors love it!"", ""share"": 35.7}, ""neutral"": null, ""negative"": null}","The Spa Grand Hyatt Seoul provides a luxurious experience, but it can be a bit pricey and sometimes crowded. If you’re looking for a more tranquil visit, consider weekdays or off-peak hours. Checking ahead on service availability can help ensure a smooth and relaxing spa day."
59. Theyounglong,"Service(39), History & Heritage(18), Shopping(14), Culture(10), Activities(8), Atmosphere(6), Facilities(2), Accessibility(1), Architecture(1), Price(1)",,5.0,"San14-21, Jangchung-dong 2(i)-ga, Jung-gu, Seoul",Theyounglong is a Korean traditional craft NAJEONCHILGI workshop. You can learn Korean mother-of-pearl craft and make your own souvenir!,0.193,"{""positive"": {""topic"": ""History/Culture"", ""phrase"": ""Rich history & culture!"", ""share"": 20.9}, ""neutral"": null, ""negative"": null}","Theyounglong is a fantastic spot with nothing major to worry about, so just relax and enjoy your time there!"
6. The War Memorial of Korea,"History & Heritage(8457), Facilities(2162), Price(1271), Culture(1187), Activities(1074), Accessibility(699), Atmosphere(548), Service(538), Transportation(528), Architecture(444), Nature(288), Scenery(180), Food & Drink(168), Crowds(99), Shopping(73), Cleanliness(64), Safety(5)","Facilities(251), History & Heritage(232), Accessibility(97), Activities(84), Atmosphere(80), Culture(76), Crowds(66), Service(62), Nature(45), Food & Drink(29), Architecture(22), Shopping(20), Transportation(19), Price(14), Scenery(6), Cleanliness(4), Safety(2)",4.6,"29, Itaewon-ro, Yongsan-gu, Seoul",The War Memorial of Korea opened in 1994 on the former site of the army headquarters to exhibit and memorialize the military history of Korea. It was built for the purpose of preventing war through lessons from the Korean War and for the hoped for peaceful reunification of North and South Korea.,0.328,"{""positive"": {""topic"": ""History/Culture"", ""phrase"": ""Rich history & culture!"", ""share"": 62.1}, ""neutral"": {""topic"": ""History/Culture"", ""phrase"": ""Background reading enriches the visit."", ""share"": 26.1}, ""negative"": {""topic"": ""Transport"", ""phrase"": ""Be cautious about transportation."", ""share"": 8.6}}",The War Memorial of Korea is rich in history but can be busy and sometimes challenging in terms of accessibility. Taking your time to explore and visiting during quieter hours can make your experience more enjoyable. Comfortable shoes and a bit of patience will go a long way in fully appreciating this meaningful site.
7. Bukchon Hanok Village,"Architecture(3367), Atmosphere(2365), Food & Drink(2124), Activities(1988), Culture(1983), Scenery(1764), Shopping(1466), Facilities(1103), History & Heritage(1021), Accessibility(713), Service(500), Nature(302), Crowds(245), Transportation(177), Price(150), Cleanliness(118), Safety(25)","Crowds(872), Accessibility(808), Atmosphere(400), Activities(340), Nature(339), Facilities(336), Culture(165), Architecture(137), Price(126), Shopping(100), Scenery(90), Transportation(83), Food & Drink(78), History & Heritage(66), Service(48), Safety(36), Cleanliness(9)",4.2,"31-78, Gahoe-dong, Jongno-gu, Seoul","Bukchon Hanok Village is a residential neighborhood. It has many restored traditional Korean houses, called hanok. This has made it a popular tourist destination. The area contains many hanok that date to the late 19th and early 20th centuries.",0.324,"{""positive"": {""topic"": ""History/Culture"", ""phrase"": ""Rich history & culture!"", ""share"": 58.4}, ""neutral"": {""topic"": ""History/Culture"", ""phrase"": ""Background reading enriches the visit."", ""share"": 11.3}, ""negative"": {""topic"": ""Crowds"", ""phrase"": ""Very crowded — expect waiting."", ""share"": 46.2}}","Bukchon Hanok Village can get quite busy, especially during peak hours, so visiting early in the morning might help you enjoy a more peaceful experience. Some areas might be a bit tricky to navigate if you have mobility concerns, so comfortable shoes are a good idea. While exploring, take your time to appreciate the traditional architecture and charming streets even if activities are limited."
8. Changdeokgung Palace,"Nature(3166), Architecture(2947), History & Heritage(2670), Activities(2233), Service(1255), Atmosphere(1201), Culture(1053), Facilities(1047), Scenery(834), Price(653), Accessibility(457), Crowds(379), Food & Drink(178), Shopping(128), Transportation(87), Cleanliness(71), Safety(22)","Activities(544), Nature(536), Facilities(476), Accessibility(396), Crowds(359), Architecture(324), Service(272), Price(207), History & Heritage(188), Atmosphere(142), Culture(67), Scenery(43), Food & Drink(26), Transportation(25), Shopping(24), Cleanliness(11), Safety(7)",4.4,"101, Daehak-ro, Jongno-gu, Seoul","Changdeokgung is a former royal palace in Seoul, South Korea. A UNESCO World Heritage Site and a Historic Site of South Korea, it is among the best preserved of all Korean palaces. It and its neighboring palace Changgyeonggung have together been called the ""East Palace"".",0.325,"{""positive"": {""topic"": ""Guided Tour"", ""phrase"": ""Guided tours are worth it!"", ""share"": 11.7}, ""neutral"": {""topic"": ""Nature"", ""phrase"": ""Nice for a casual stroll."", ""share"": 24.9}, ""negative"": {""topic"": ""Guided Tour"", ""phrase"": ""Tour operation can be inconvenient."", ""share"": 15.6}}","Changdeokgung Palace offers beautiful gardens to explore, though some visitors find the activities a bit limited. The palace can also be quite popular, so visiting during weekdays or early hours may help avoid the crowds. Keep in mind that some facilities might not be as modern, but the historic atmosphere and stunning architecture make it a rewarding visit."
9. Cheonggyecheon Stream,"Nature(2917), Atmosphere(2735), Activities(1925), Facilities(1479), Culture(1174), Scenery(1015), Accessibility(691), Cleanliness(477), Food & Drink(467), Architecture(414), History & Heritage(342), Crowds(305), Shopping(205), Safety(102), Transportation(87), Price(66), Service(33)","Nature(404), Crowds(304), Atmosphere(172), Facilities(134), Activities(97), Accessibility(88), Cleanliness(80), Scenery(65), Transportation(46), Safety(45), Architecture(32), Culture(29), Food & Drink(22), Price(19), History & Heritage(16), Service(8), Shopping(8)",4.3,"71, Cheonggyecheon-ro, Jongno-gu, Seoul","Cheonggyecheon is a 10.9-kilometre-long (6.8 mi) stream and public space in downtown Seoul, South Korea. A natural stream sourced from the Suseongdong Valley in Inwangsan, it was historically maintained as part of Seoul's early sewerage until the mid-20th century",0.357,"{""positive"": {""topic"": ""Shopping"", ""phrase"": ""Great for shopping!"", ""share"": 94.2}, ""neutral"": {""topic"": ""History/Culture"", ""phrase"": ""Background reading enriches the visit."", ""share"": 10.4}, ""negative"": {""topic"": ""Family/Kids"", ""phrase"": ""Can be hectic with kids around."", ""share"": 14.5}}","Cheonggyecheon Stream is a lovely urban spot that can draw a crowd, especially on weekends and evenings, so planning your visit during quieter times might enhance your experience. While the natural elements are charming, it’s good to know that the stream is in the heart of the city, so some areas might feel more urban than serene. Facilities along the stream are basic, so bringing along any essentials can be handy."
